WellRow,WellColumn,Gnumber,Concentration,Gnumber_2,Concentration_2,Template
A,1,NA,NA,NA,NA,Template_7daytreated.xlsx
A,10,G00002,0.37037037037037,untreated,0,Template_7daytreated.xlsx
A,11,G00002,0.123456790123457,untreated,0,Template_7daytreated.xlsx
A,12,G00002,0.123456790123457,untreated,0,Template_7daytreated.xlsx
A,13,G00002,0.0411522633744856,untreated,0,Template_7daytreated.xlsx
A,14,G00002,0.0411522633744856,untreated,0,Template_7daytreated.xlsx
A,15,G00002,0.0137174211248285,untreated,0,Template_7daytreated.xlsx
A,16,G00002,0.0137174211248285,untreated,0,Template_7daytreated.xlsx
A,17,G00002,0.00457247370827618,untreated,0,Template_7daytreated.xlsx
A,18,G00002,0.00457247370827618,untreated,0,Template_7daytreated.xlsx
A,19,G00002,0.00152415790275873,untreated,0,Template_7daytreated.xlsx
A,2,NA,NA,NA,NA,Template_7daytreated.xlsx
A,20,G00002,0.00152415790275873,untreated,0,Template_7daytreated.xlsx
A,21,untreated,0,untreated,0,Template_7daytreated.xlsx
A,22,untreated,0,untreated,0,Template_7daytreated.xlsx
A,23,NA,NA,NA,NA,Template_7daytreated.xlsx
A,24,NA,NA,NA,NA,Template_7daytreated.xlsx
A,3,G00002,10,untreated,0,Template_7daytreated.xlsx
A,4,G00002,10,untreated,0,Template_7daytreated.xlsx
A,5,G00002,3.33333333333333,untreated,0,Template_7daytreated.xlsx
A,6,G00002,3.33333333333333,untreated,0,Template_7daytreated.xlsx
A,7,G00002,1.11111111111111,untreated,0,Template_7daytreated.xlsx
A,8,G00002,1.11111111111111,untreated,0,Template_7daytreated.xlsx
A,9,G00002,0.37037037037037,untreated,0,Template_7daytreated.xlsx
B,1,NA,NA,NA,NA,Template_7daytreated.xlsx
B,10,G00002,0.37037037037037,untreated,0,Template_7daytreated.xlsx
B,11,G00002,0.123456790123457,untreated,0,Template_7daytreated.xlsx
B,12,G00002,0.123456790123457,untreated,0,Template_7daytreated.xlsx
B,13,G00002,0.0411522633744856,untreated,0,Template_7daytreated.xlsx
B,14,G00002,0.0411522633744856,untreated,0,Template_7daytreated.xlsx
B,15,G00002,0.0137174211248285,untreated,0,Template_7daytreated.xlsx
B,16,G00002,0.0137174211248285,untreated,0,Template_7daytreated.xlsx
B,17,G00002,0.00457247370827618,untreated,0,Template_7daytreated.xlsx
B,18,G00002,0.00457247370827618,untreated,0,Template_7daytreated.xlsx
B,19,G00002,0.00152415790275873,untreated,0,Template_7daytreated.xlsx
B,2,NA,NA,NA,NA,Template_7daytreated.xlsx
B,20,G00002,0.00152415790275873,untreated,0,Template_7daytreated.xlsx
B,21,untreated,0,untreated,0,Template_7daytreated.xlsx
B,22,untreated,0,untreated,0,Template_7daytreated.xlsx
B,23,NA,NA,NA,NA,Template_7daytreated.xlsx
B,24,NA,NA,NA,NA,Template_7daytreated.xlsx
B,3,G00002,10,untreated,0,Template_7daytreated.xlsx
B,4,G00002,10,untreated,0,Template_7daytreated.xlsx
B,5,G00002,3.33333333333333,untreated,0,Template_7daytreated.xlsx
B,6,G00002,3.33333333333333,untreated,0,Template_7daytreated.xlsx
B,7,G00002,1.11111111111111,untreated,0,Template_7daytreated.xlsx
B,8,G00002,1.11111111111111,untreated,0,Template_7daytreated.xlsx
B,9,G00002,0.37037037037037,untreated,0,Template_7daytreated.xlsx
C,1,NA,NA,NA,NA,Template_7daytreated.xlsx
C,10,G00002,0.37037037037037,untreated,0,Template_7daytreated.xlsx
C,11,G00002,0.123456790123457,untreated,0,Template_7daytreated.xlsx
C,12,G00002,0.123456790123457,untreated,0,Template_7daytreated.xlsx
C,13,G00002,0.0411522633744856,untreated,0,Template_7daytreated.xlsx
C,14,G00002,0.0411522633744856,untreated,0,Template_7daytreated.xlsx
C,15,G00002,0.0137174211248285,untreated,0,Template_7daytreated.xlsx
C,16,G00002,0.0137174211248285,untreated,0,Template_7daytreated.xlsx
C,17,G00002,0.00457247370827618,untreated,0,Template_7daytreated.xlsx
C,18,G00002,0.00457247370827618,untreated,0,Template_7daytreated.xlsx
C,19,G00002,0.00152415790275873,untreated,0,Template_7daytreated.xlsx
C,2,NA,NA,NA,NA,Template_7daytreated.xlsx
C,20,G00002,0.00152415790275873,untreated,0,Template_7daytreated.xlsx
C,21,untreated,0,untreated,0,Template_7daytreated.xlsx
C,22,untreated,0,untreated,0,Template_7daytreated.xlsx
C,23,NA,NA,NA,NA,Template_7daytreated.xlsx
C,24,NA,NA,NA,NA,Template_7daytreated.xlsx
C,3,G00002,10,untreated,0,Template_7daytreated.xlsx
C,4,G00002,10,untreated,0,Template_7daytreated.xlsx
C,5,G00002,3.33333333333333,untreated,0,Template_7daytreated.xlsx
C,6,G00002,3.33333333333333,untreated,0,Template_7daytreated.xlsx
C,7,G00002,1.11111111111111,untreated,0,Template_7daytreated.xlsx
C,8,G00002,1.11111111111111,untreated,0,Template_7daytreated.xlsx
C,9,G00002,0.37037037037037,untreated,0,Template_7daytreated.xlsx
D,1,NA,NA,NA,NA,Template_7daytreated.xlsx
D,10,G00002,0.37037037037037,untreated,0,Template_7daytreated.xlsx
D,11,G00002,0.123456790123457,untreated,0,Template_7daytreated.xlsx
D,12,G00002,0.123456790123457,untreated,0,Template_7daytreated.xlsx
D,13,G00002,0.0411522633744856,untreated,0,Template_7daytreated.xlsx
D,14,G00002,0.0411522633744856,untreated,0,Template_7daytreated.xlsx
D,15,G00002,0.0137174211248285,untreated,0,Template_7daytreated.xlsx
D,16,G00002,0.0137174211248285,untreated,0,Template_7daytreated.xlsx
D,17,G00002,0.00457247370827618,untreated,0,Template_7daytreated.xlsx
D,18,G00002,0.00457247370827618,untreated,0,Template_7daytreated.xlsx
D,19,G00002,0.00152415790275873,untreated,0,Template_7daytreated.xlsx
D,2,NA,NA,NA,NA,Template_7daytreated.xlsx
D,20,G00002,0.00152415790275873,untreated,0,Template_7daytreated.xlsx
D,21,untreated,0,untreated,0,Template_7daytreated.xlsx
D,22,untreated,0,untreated,0,Template_7daytreated.xlsx
D,23,NA,NA,NA,NA,Template_7daytreated.xlsx
D,24,NA,NA,NA,NA,Template_7daytreated.xlsx
D,3,G00002,10,untreated,0,Template_7daytreated.xlsx
D,4,G00002,10,untreated,0,Template_7daytreated.xlsx
D,5,G00002,3.33333333333333,untreated,0,Template_7daytreated.xlsx
D,6,G00002,3.33333333333333,untreated,0,Template_7daytreated.xlsx
D,7,G00002,1.11111111111111,untreated,0,Template_7daytreated.xlsx
D,8,G00002,1.11111111111111,untreated,0,Template_7daytreated.xlsx
D,9,G00002,0.37037037037037,untreated,0,Template_7daytreated.xlsx
E,1,NA,NA,NA,NA,Template_7daytreated.xlsx
E,10,G00002,0.37037037037037,G00011,0.15,Template_7daytreated.xlsx
E,11,G00002,0.123456790123457,G00011,0.15,Template_7daytreated.xlsx
E,12,G00002,0.123456790123457,G00011,0.15,Template_7daytreated.xlsx
E,13,G00002,0.0411522633744856,G00011,0.15,Template_7daytreated.xlsx
E,14,G00002,0.0411522633744856,G00011,0.15,Template_7daytreated.xlsx
E,15,G00002,0.0137174211248285,G00011,0.15,Template_7daytreated.xlsx
E,16,G00002,0.0137174211248285,G00011,0.15,Template_7daytreated.xlsx
E,17,G00002,0.00457247370827618,G00011,0.15,Template_7daytreated.xlsx
E,18,G00002,0.00457247370827618,G00011,0.15,Template_7daytreated.xlsx
E,19,G00002,0.00152415790275873,G00011,0.15,Template_7daytreated.xlsx
E,2,NA,NA,NA,NA,Template_7daytreated.xlsx
E,20,G00002,0.00152415790275873,G00011,0.15,Template_7daytreated.xlsx
E,21,untreated,0,G00011,0.15,Template_7daytreated.xlsx
E,22,untreated,0,G00011,0.15,Template_7daytreated.xlsx
E,23,NA,NA,NA,NA,Template_7daytreated.xlsx
E,24,NA,NA,NA,NA,Template_7daytreated.xlsx
E,3,G00002,10,G00011,0.15,Template_7daytreated.xlsx
E,4,G00002,10,G00011,0.15,Template_7daytreated.xlsx
E,5,G00002,3.33333333333333,G00011,0.15,Template_7daytreated.xlsx
E,6,G00002,3.33333333333333,G00011,0.15,Template_7daytreated.xlsx
E,7,G00002,1.11111111111111,G00011,0.15,Template_7daytreated.xlsx
E,8,G00002,1.11111111111111,G00011,0.15,Template_7daytreated.xlsx
E,9,G00002,0.37037037037037,G00011,0.15,Template_7daytreated.xlsx
F,1,NA,NA,NA,NA,Template_7daytreated.xlsx
F,10,G00002,0.37037037037037,G00011,0.15,Template_7daytreated.xlsx
F,11,G00002,0.123456790123457,G00011,0.15,Template_7daytreated.xlsx
F,12,G00002,0.123456790123457,G00011,0.15,Template_7daytreated.xlsx
F,13,G00002,0.0411522633744856,G00011,0.15,Template_7daytreated.xlsx
F,14,G00002,0.0411522633744856,G00011,0.15,Template_7daytreated.xlsx
F,15,G00002,0.0137174211248285,G00011,0.15,Template_7daytreated.xlsx
F,16,G00002,0.0137174211248285,G00011,0.15,Template_7daytreated.xlsx
F,17,G00002,0.00457247370827618,G00011,0.15,Template_7daytreated.xlsx
F,18,G00002,0.00457247370827618,G00011,0.15,Template_7daytreated.xlsx
F,19,G00002,0.00152415790275873,G00011,0.15,Template_7daytreated.xlsx
F,2,NA,NA,NA,NA,Template_7daytreated.xlsx
F,20,G00002,0.00152415790275873,G00011,0.15,Template_7daytreated.xlsx
F,21,untreated,0,G00011,0.15,Template_7daytreated.xlsx
F,22,untreated,0,G00011,0.15,Template_7daytreated.xlsx
F,23,NA,NA,NA,NA,Template_7daytreated.xlsx
F,24,NA,NA,NA,NA,Template_7daytreated.xlsx
F,3,G00002,10,G00011,0.15,Template_7daytreated.xlsx
F,4,G00002,10,G00011,0.15,Template_7daytreated.xlsx
F,5,G00002,3.33333333333333,G00011,0.15,Template_7daytreated.xlsx
F,6,G00002,3.33333333333333,G00011,0.15,Template_7daytreated.xlsx
F,7,G00002,1.11111111111111,G00011,0.15,Template_7daytreated.xlsx
F,8,G00002,1.11111111111111,G00011,0.15,Template_7daytreated.xlsx
F,9,G00002,0.37037037037037,G00011,0.15,Template_7daytreated.xlsx
G,1,NA,NA,NA,NA,Template_7daytreated.xlsx
G,10,G00002,0.37037037037037,G00011,0.15,Template_7daytreated.xlsx
G,11,G00002,0.123456790123457,G00011,0.15,Template_7daytreated.xlsx
G,12,G00002,0.123456790123457,G00011,0.15,Template_7daytreated.xlsx
G,13,G00002,0.0411522633744856,G00011,0.15,Template_7daytreated.xlsx
G,14,G00002,0.0411522633744856,G00011,0.15,Template_7daytreated.xlsx
G,15,G00002,0.0137174211248285,G00011,0.15,Template_7daytreated.xlsx
G,16,G00002,0.0137174211248285,G00011,0.15,Template_7daytreated.xlsx
G,17,G00002,0.00457247370827618,G00011,0.15,Template_7daytreated.xlsx
G,18,G00002,0.00457247370827618,G00011,0.15,Template_7daytreated.xlsx
G,19,G00002,0.00152415790275873,G00011,0.15,Template_7daytreated.xlsx
G,2,NA,NA,NA,NA,Template_7daytreated.xlsx
G,20,G00002,0.00152415790275873,G00011,0.15,Template_7daytreated.xlsx
G,21,untreated,0,G00011,0.15,Template_7daytreated.xlsx
G,22,untreated,0,G00011,0.15,Template_7daytreated.xlsx
G,23,NA,NA,NA,NA,Template_7daytreated.xlsx
G,24,NA,NA,NA,NA,Template_7daytreated.xlsx
G,3,G00002,10,G00011,0.15,Template_7daytreated.xlsx
G,4,G00002,10,G00011,0.15,Template_7daytreated.xlsx
G,5,G00002,3.33333333333333,G00011,0.15,Template_7daytreated.xlsx
G,6,G00002,3.33333333333333,G00011,0.15,Template_7daytreated.xlsx
G,7,G00002,1.11111111111111,G00011,0.15,Template_7daytreated.xlsx
G,8,G00002,1.11111111111111,G00011,0.15,Template_7daytreated.xlsx
G,9,G00002,0.37037037037037,G00011,0.15,Template_7daytreated.xlsx
H,1,NA,NA,NA,NA,Template_7daytreated.xlsx
H,10,G00002,0.37037037037037,G00011,0.15,Template_7daytreated.xlsx
H,11,G00002,0.123456790123457,G00011,0.15,Template_7daytreated.xlsx
H,12,G00002,0.123456790123457,G00011,0.15,Template_7daytreated.xlsx
H,13,G00002,0.0411522633744856,G00011,0.15,Template_7daytreated.xlsx
H,14,G00002,0.0411522633744856,G00011,0.15,Template_7daytreated.xlsx
H,15,G00002,0.0137174211248285,G00011,0.15,Template_7daytreated.xlsx
H,16,G00002,0.0137174211248285,G00011,0.15,Template_7daytreated.xlsx
H,17,G00002,0.00457247370827618,G00011,0.15,Template_7daytreated.xlsx
H,18,G00002,0.00457247370827618,G00011,0.15,Template_7daytreated.xlsx
H,19,G00002,0.00152415790275873,G00011,0.15,Template_7daytreated.xlsx
H,2,NA,NA,NA,NA,Template_7daytreated.xlsx
H,20,G00002,0.00152415790275873,G00011,0.15,Template_7daytreated.xlsx
H,21,untreated,0,G00011,0.15,Template_7daytreated.xlsx
H,22,untreated,0,G00011,0.15,Template_7daytreated.xlsx
H,23,NA,NA,NA,NA,Template_7daytreated.xlsx
H,24,NA,NA,NA,NA,Template_7daytreated.xlsx
H,3,G00002,10,G00011,0.15,Template_7daytreated.xlsx
H,4,G00002,10,G00011,0.15,Template_7daytreated.xlsx
H,5,G00002,3.33333333333333,G00011,0.15,Template_7daytreated.xlsx
H,6,G00002,3.33333333333333,G00011,0.15,Template_7daytreated.xlsx
H,7,G00002,1.11111111111111,G00011,0.15,Template_7daytreated.xlsx
H,8,G00002,1.11111111111111,G00011,0.15,Template_7daytreated.xlsx
H,9,G00002,0.37037037037037,G00011,0.15,Template_7daytreated.xlsx
I,1,NA,NA,NA,NA,Template_7daytreated.xlsx
I,10,G00004,0.37037037037037,untreated,0,Template_7daytreated.xlsx
I,11,G00004,0.123456790123457,untreated,0,Template_7daytreated.xlsx
I,12,G00004,0.123456790123457,untreated,0,Template_7daytreated.xlsx
I,13,G00004,0.0411522633744856,untreated,0,Template_7daytreated.xlsx
I,14,G00004,0.0411522633744856,untreated,0,Template_7daytreated.xlsx
I,15,G00004,0.0137174211248285,untreated,0,Template_7daytreated.xlsx
I,16,G00004,0.0137174211248285,untreated,0,Template_7daytreated.xlsx
I,17,G00004,0.00457247370827618,untreated,0,Template_7daytreated.xlsx
I,18,G00004,0.00457247370827618,untreated,0,Template_7daytreated.xlsx
I,19,G00004,0.00152415790275873,untreated,0,Template_7daytreated.xlsx
I,2,NA,NA,NA,NA,Template_7daytreated.xlsx
I,20,G00004,0.00152415790275873,untreated,0,Template_7daytreated.xlsx
I,21,untreated,0,untreated,0,Template_7daytreated.xlsx
I,22,untreated,0,untreated,0,Template_7daytreated.xlsx
I,23,NA,NA,NA,NA,Template_7daytreated.xlsx
I,24,NA,NA,NA,NA,Template_7daytreated.xlsx
I,3,G00004,10,untreated,0,Template_7daytreated.xlsx
I,4,G00004,10,untreated,0,Template_7daytreated.xlsx
I,5,G00004,3.33333333333333,untreated,0,Template_7daytreated.xlsx
I,6,G00004,3.33333333333333,untreated,0,Template_7daytreated.xlsx
I,7,G00004,1.11111111111111,untreated,0,Template_7daytreated.xlsx
I,8,G00004,1.11111111111111,untreated,0,Template_7daytreated.xlsx
I,9,G00004,0.37037037037037,untreated,0,Template_7daytreated.xlsx
J,1,NA,NA,NA,NA,Template_7daytreated.xlsx
J,10,G00004,0.37037037037037,untreated,0,Template_7daytreated.xlsx
J,11,G00004,0.123456790123457,untreated,0,Template_7daytreated.xlsx
J,12,G00004,0.123456790123457,untreated,0,Template_7daytreated.xlsx
J,13,G00004,0.0411522633744856,untreated,0,Template_7daytreated.xlsx
J,14,G00004,0.0411522633744856,untreated,0,Template_7daytreated.xlsx
J,15,G00004,0.0137174211248285,untreated,0,Template_7daytreated.xlsx
J,16,G00004,0.0137174211248285,untreated,0,Template_7daytreated.xlsx
J,17,G00004,0.00457247370827618,untreated,0,Template_7daytreated.xlsx
J,18,G00004,0.00457247370827618,untreated,0,Template_7daytreated.xlsx
J,19,G00004,0.00152415790275873,untreated,0,Template_7daytreated.xlsx
J,2,NA,NA,NA,NA,Template_7daytreated.xlsx
J,20,G00004,0.00152415790275873,untreated,0,Template_7daytreated.xlsx
J,21,untreated,0,untreated,0,Template_7daytreated.xlsx
J,22,untreated,0,untreated,0,Template_7daytreated.xlsx
J,23,NA,NA,NA,NA,Template_7daytreated.xlsx
J,24,NA,NA,NA,NA,Template_7daytreated.xlsx
J,3,G00004,10,untreated,0,Template_7daytreated.xlsx
J,4,G00004,10,untreated,0,Template_7daytreated.xlsx
J,5,G00004,3.33333333333333,untreated,0,Template_7daytreated.xlsx
J,6,G00004,3.33333333333333,untreated,0,Template_7daytreated.xlsx
J,7,G00004,1.11111111111111,untreated,0,Template_7daytreated.xlsx
J,8,G00004,1.11111111111111,untreated,0,Template_7daytreated.xlsx
J,9,G00004,0.37037037037037,untreated,0,Template_7daytreated.xlsx
K,1,NA,NA,NA,NA,Template_7daytreated.xlsx
K,10,G00004,0.37037037037037,untreated,0,Template_7daytreated.xlsx
K,11,G00004,0.123456790123457,untreated,0,Template_7daytreated.xlsx
K,12,G00004,0.123456790123457,untreated,0,Template_7daytreated.xlsx
K,13,G00004,0.0411522633744856,untreated,0,Template_7daytreated.xlsx
K,14,G00004,0.0411522633744856,untreated,0,Template_7daytreated.xlsx
K,15,G00004,0.0137174211248285,untreated,0,Template_7daytreated.xlsx
K,16,G00004,0.0137174211248285,untreated,0,Template_7daytreated.xlsx
K,17,G00004,0.00457247370827618,untreated,0,Template_7daytreated.xlsx
K,18,G00004,0.00457247370827618,untreated,0,Template_7daytreated.xlsx
K,19,G00004,0.00152415790275873,untreated,0,Template_7daytreated.xlsx
K,2,NA,NA,NA,NA,Template_7daytreated.xlsx
K,20,G00004,0.00152415790275873,untreated,0,Template_7daytreated.xlsx
K,21,untreated,0,untreated,0,Template_7daytreated.xlsx
K,22,untreated,0,untreated,0,Template_7daytreated.xlsx
K,23,NA,NA,NA,NA,Template_7daytreated.xlsx
K,24,NA,NA,NA,NA,Template_7daytreated.xlsx
K,3,G00004,10,untreated,0,Template_7daytreated.xlsx
K,4,G00004,10,untreated,0,Template_7daytreated.xlsx
K,5,G00004,3.33333333333333,untreated,0,Template_7daytreated.xlsx
K,6,G00004,3.33333333333333,untreated,0,Template_7daytreated.xlsx
K,7,G00004,1.11111111111111,untreated,0,Template_7daytreated.xlsx
K,8,G00004,1.11111111111111,untreated,0,Template_7daytreated.xlsx
K,9,G00004,0.37037037037037,untreated,0,Template_7daytreated.xlsx
L,1,NA,NA,NA,NA,Template_7daytreated.xlsx
L,10,G00004,0.37037037037037,untreated,0,Template_7daytreated.xlsx
L,11,G00004,0.123456790123457,untreated,0,Template_7daytreated.xlsx
L,12,G00004,0.123456790123457,untreated,0,Template_7daytreated.xlsx
L,13,G00004,0.0411522633744856,untreated,0,Template_7daytreated.xlsx
L,14,G00004,0.0411522633744856,untreated,0,Template_7daytreated.xlsx
L,15,G00004,0.0137174211248285,untreated,0,Template_7daytreated.xlsx
L,16,G00004,0.0137174211248285,untreated,0,Template_7daytreated.xlsx
L,17,G00004,0.00457247370827618,untreated,0,Template_7daytreated.xlsx
L,18,G00004,0.00457247370827618,untreated,0,Template_7daytreated.xlsx
L,19,G00004,0.00152415790275873,untreated,0,Template_7daytreated.xlsx
L,2,NA,NA,NA,NA,Template_7daytreated.xlsx
L,20,G00004,0.00152415790275873,untreated,0,Template_7daytreated.xlsx
L,21,untreated,0,untreated,0,Template_7daytreated.xlsx
L,22,untreated,0,untreated,0,Template_7daytreated.xlsx
L,23,NA,NA,NA,NA,Template_7daytreated.xlsx
L,24,NA,NA,NA,NA,Template_7daytreated.xlsx
L,3,G00004,10,untreated,0,Template_7daytreated.xlsx
L,4,G00004,10,untreated,0,Template_7daytreated.xlsx
L,5,G00004,3.33333333333333,untreated,0,Template_7daytreated.xlsx
L,6,G00004,3.33333333333333,untreated,0,Template_7daytreated.xlsx
L,7,G00004,1.11111111111111,untreated,0,Template_7daytreated.xlsx
L,8,G00004,1.11111111111111,untreated,0,Template_7daytreated.xlsx
L,9,G00004,0.37037037037037,untreated,0,Template_7daytreated.xlsx
M,1,NA,NA,NA,NA,Template_7daytreated.xlsx
M,10,G00004,0.37037037037037,G00011,0.15,Template_7daytreated.xlsx
M,11,G00004,0.123456790123457,G00011,0.15,Template_7daytreated.xlsx
M,12,G00004,0.123456790123457,G00011,0.15,Template_7daytreated.xlsx
M,13,G00004,0.0411522633744856,G00011,0.15,Template_7daytreated.xlsx
M,14,G00004,0.0411522633744856,G00011,0.15,Template_7daytreated.xlsx
M,15,G00004,0.0137174211248285,G00011,0.15,Template_7daytreated.xlsx
M,16,G00004,0.0137174211248285,G00011,0.15,Template_7daytreated.xlsx
M,17,G00004,0.00457247370827618,G00011,0.15,Template_7daytreated.xlsx
M,18,G00004,0.00457247370827618,G00011,0.15,Template_7daytreated.xlsx
M,19,G00004,0.00152415790275873,G00011,0.15,Template_7daytreated.xlsx
M,2,NA,NA,NA,NA,Template_7daytreated.xlsx
M,20,G00004,0.00152415790275873,G00011,0.15,Template_7daytreated.xlsx
M,21,untreated,0,G00011,0.15,Template_7daytreated.xlsx
M,22,untreated,0,G00011,0.15,Template_7daytreated.xlsx
M,23,NA,NA,NA,NA,Template_7daytreated.xlsx
M,24,NA,NA,NA,NA,Template_7daytreated.xlsx
M,3,G00004,10,G00011,0.15,Template_7daytreated.xlsx
M,4,G00004,10,G00011,0.15,Template_7daytreated.xlsx
M,5,G00004,3.33333333333333,G00011,0.15,Template_7daytreated.xlsx
M,6,G00004,3.33333333333333,G00011,0.15,Template_7daytreated.xlsx
M,7,G00004,1.11111111111111,G00011,0.15,Template_7daytreated.xlsx
M,8,G00004,1.11111111111111,G00011,0.15,Template_7daytreated.xlsx
M,9,G00004,0.37037037037037,G00011,0.15,Template_7daytreated.xlsx
N,1,NA,NA,NA,NA,Template_7daytreated.xlsx
N,10,G00004,0.37037037037037,G00011,0.15,Template_7daytreated.xlsx
N,11,G00004,0.123456790123457,G00011,0.15,Template_7daytreated.xlsx
N,12,G00004,0.123456790123457,G00011,0.15,Template_7daytreated.xlsx
N,13,G00004,0.0411522633744856,G00011,0.15,Template_7daytreated.xlsx
N,14,G00004,0.0411522633744856,G00011,0.15,Template_7daytreated.xlsx
N,15,G00004,0.0137174211248285,G00011,0.15,Template_7daytreated.xlsx
N,16,G00004,0.0137174211248285,G00011,0.15,Template_7daytreated.xlsx
N,17,G00004,0.00457247370827618,G00011,0.15,Template_7daytreated.xlsx
N,18,G00004,0.00457247370827618,G00011,0.15,Template_7daytreated.xlsx
N,19,G00004,0.00152415790275873,G00011,0.15,Template_7daytreated.xlsx
N,2,NA,NA,NA,NA,Template_7daytreated.xlsx
N,20,G00004,0.00152415790275873,G00011,0.15,Template_7daytreated.xlsx
N,21,untreated,0,G00011,0.15,Template_7daytreated.xlsx
N,22,untreated,0,G00011,0.15,Template_7daytreated.xlsx
N,23,NA,NA,NA,NA,Template_7daytreated.xlsx
N,24,NA,NA,NA,NA,Template_7daytreated.xlsx
N,3,G00004,10,G00011,0.15,Template_7daytreated.xlsx
N,4,G00004,10,G00011,0.15,Template_7daytreated.xlsx
N,5,G00004,3.33333333333333,G00011,0.15,Template_7daytreated.xlsx
N,6,G00004,3.33333333333333,G00011,0.15,Template_7daytreated.xlsx
N,7,G00004,1.11111111111111,G00011,0.15,Template_7daytreated.xlsx
N,8,G00004,1.11111111111111,G00011,0.15,Template_7daytreated.xlsx
N,9,G00004,0.37037037037037,G00011,0.15,Template_7daytreated.xlsx
O,1,NA,NA,NA,NA,Template_7daytreated.xlsx
O,10,G00004,0.37037037037037,G00011,0.15,Template_7daytreated.xlsx
O,11,G00004,0.123456790123457,G00011,0.15,Template_7daytreated.xlsx
O,12,G00004,0.123456790123457,G00011,0.15,Template_7daytreated.xlsx
O,13,G00004,0.0411522633744856,G00011,0.15,Template_7daytreated.xlsx
O,14,G00004,0.0411522633744856,G00011,0.15,Template_7daytreated.xlsx
O,15,G00004,0.0137174211248285,G00011,0.15,Template_7daytreated.xlsx
O,16,G00004,0.0137174211248285,G00011,0.15,Template_7daytreated.xlsx
O,17,G00004,0.00457247370827618,G00011,0.15,Template_7daytreated.xlsx
O,18,G00004,0.00457247370827618,G00011,0.15,Template_7daytreated.xlsx
O,19,G00004,0.00152415790275873,G00011,0.15,Template_7daytreated.xlsx
O,2,NA,NA,NA,NA,Template_7daytreated.xlsx
O,20,G00004,0.00152415790275873,G00011,0.15,Template_7daytreated.xlsx
O,21,untreated,0,G00011,0.15,Template_7daytreated.xlsx
O,22,untreated,0,G00011,0.15,Template_7daytreated.xlsx
O,23,NA,NA,NA,NA,Template_7daytreated.xlsx
O,24,NA,NA,NA,NA,Template_7daytreated.xlsx
O,3,G00004,10,G00011,0.15,Template_7daytreated.xlsx
O,4,G00004,10,G00011,0.15,Template_7daytreated.xlsx
O,5,G00004,3.33333333333333,G00011,0.15,Template_7daytreated.xlsx
O,6,G00004,3.33333333333333,G00011,0.15,Template_7daytreated.xlsx
O,7,G00004,1.11111111111111,G00011,0.15,Template_7daytreated.xlsx
O,8,G00004,1.11111111111111,G00011,0.15,Template_7daytreated.xlsx
O,9,G00004,0.37037037037037,G00011,0.15,Template_7daytreated.xlsx
P,1,NA,NA,NA,NA,Template_7daytreated.xlsx
P,10,G00004,0.37037037037037,G00011,0.15,Template_7daytreated.xlsx
P,11,G00004,0.123456790123457,G00011,0.15,Template_7daytreated.xlsx
P,12,G00004,0.123456790123457,G00011,0.15,Template_7daytreated.xlsx
P,13,G00004,0.0411522633744856,G00011,0.15,Template_7daytreated.xlsx
P,14,G00004,0.0411522633744856,G00011,0.15,Template_7daytreated.xlsx
P,15,G00004,0.0137174211248285,G00011,0.15,Template_7daytreated.xlsx
P,16,G00004,0.0137174211248285,G00011,0.15,Template_7daytreated.xlsx
P,17,G00004,0.00457247370827618,G00011,0.15,Template_7daytreated.xlsx
P,18,G00004,0.00457247370827618,G00011,0.15,Template_7daytreated.xlsx
P,19,G00004,0.00152415790275873,G00011,0.15,Template_7daytreated.xlsx
P,2,NA,NA,NA,NA,Template_7daytreated.xlsx
P,20,G00004,0.00152415790275873,G00011,0.15,Template_7daytreated.xlsx
P,21,untreated,0,G00011,0.15,Template_7daytreated.xlsx
P,22,untreated,0,G00011,0.15,Template_7daytreated.xlsx
P,23,NA,NA,NA,NA,Template_7daytreated.xlsx
P,24,NA,NA,NA,NA,Template_7daytreated.xlsx
P,3,G00004,10,G00011,0.15,Template_7daytreated.xlsx
P,4,G00004,10,G00011,0.15,Template_7daytreated.xlsx
P,5,G00004,3.33333333333333,G00011,0.15,Template_7daytreated.xlsx
P,6,G00004,3.33333333333333,G00011,0.15,Template_7daytreated.xlsx
P,7,G00004,1.11111111111111,G00011,0.15,Template_7daytreated.xlsx
P,8,G00004,1.11111111111111,G00011,0.15,Template_7daytreated.xlsx
P,9,G00004,0.37037037037037,G00011,0.15,Template_7daytreated.xlsx
A,1,NA,NA,NA,NA,Template_Untreated.xlsx
A,10,untreated,NA,NA,NA,Template_Untreated.xlsx
A,11,untreated,NA,NA,NA,Template_Untreated.xlsx
A,12,untreated,NA,NA,NA,Template_Untreated.xlsx
A,13,untreated,NA,NA,NA,Template_Untreated.xlsx
A,14,untreated,NA,NA,NA,Template_Untreated.xlsx
A,15,untreated,NA,NA,NA,Template_Untreated.xlsx
A,16,untreated,NA,NA,NA,Template_Untreated.xlsx
A,17,untreated,NA,NA,NA,Template_Untreated.xlsx
A,18,untreated,NA,NA,NA,Template_Untreated.xlsx
A,19,untreated,NA,NA,NA,Template_Untreated.xlsx
A,2,NA,NA,NA,NA,Template_Untreated.xlsx
A,20,untreated,NA,NA,NA,Template_Untreated.xlsx
A,21,untreated,NA,NA,NA,Template_Untreated.xlsx
A,22,untreated,NA,NA,NA,Template_Untreated.xlsx
A,23,NA,NA,NA,NA,Template_Untreated.xlsx
A,24,NA,NA,NA,NA,Template_Untreated.xlsx
A,3,untreated,NA,NA,NA,Template_Untreated.xlsx
A,4,untreated,NA,NA,NA,Template_Untreated.xlsx
A,5,untreated,NA,NA,NA,Template_Untreated.xlsx
A,6,untreated,NA,NA,NA,Template_Untreated.xlsx
A,7,untreated,NA,NA,NA,Template_Untreated.xlsx
A,8,untreated,NA,NA,NA,Template_Untreated.xlsx
A,9,untreated,NA,NA,NA,Template_Untreated.xlsx
B,1,NA,NA,NA,NA,Template_Untreated.xlsx
B,10,untreated,NA,NA,NA,Template_Untreated.xlsx
B,11,untreated,NA,NA,NA,Template_Untreated.xlsx
B,12,untreated,NA,NA,NA,Template_Untreated.xlsx
B,13,untreated,NA,NA,NA,Template_Untreated.xlsx
B,14,untreated,NA,NA,NA,Template_Untreated.xlsx
B,15,untreated,NA,NA,NA,Template_Untreated.xlsx
B,16,untreated,NA,NA,NA,Template_Untreated.xlsx
B,17,untreated,NA,NA,NA,Template_Untreated.xlsx
B,18,untreated,NA,NA,NA,Template_Untreated.xlsx
B,19,untreated,NA,NA,NA,Template_Untreated.xlsx
B,2,NA,NA,NA,NA,Template_Untreated.xlsx
B,20,untreated,NA,NA,NA,Template_Untreated.xlsx
B,21,untreated,NA,NA,NA,Template_Untreated.xlsx
B,22,untreated,NA,NA,NA,Template_Untreated.xlsx
B,23,NA,NA,NA,NA,Template_Untreated.xlsx
B,24,NA,NA,NA,NA,Template_Untreated.xlsx
B,3,untreated,NA,NA,NA,Template_Untreated.xlsx
B,4,untreated,NA,NA,NA,Template_Untreated.xlsx
B,5,untreated,NA,NA,NA,Template_Untreated.xlsx
B,6,untreated,NA,NA,NA,Template_Untreated.xlsx
B,7,untreated,NA,NA,NA,Template_Untreated.xlsx
B,8,untreated,NA,NA,NA,Template_Untreated.xlsx
B,9,untreated,NA,NA,NA,Template_Untreated.xlsx
C,1,NA,NA,NA,NA,Template_Untreated.xlsx
C,10,untreated,NA,NA,NA,Template_Untreated.xlsx
C,11,untreated,NA,NA,NA,Template_Untreated.xlsx
C,12,untreated,NA,NA,NA,Template_Untreated.xlsx
C,13,untreated,NA,NA,NA,Template_Untreated.xlsx
C,14,untreated,NA,NA,NA,Template_Untreated.xlsx
C,15,untreated,NA,NA,NA,Template_Untreated.xlsx
C,16,untreated,NA,NA,NA,Template_Untreated.xlsx
C,17,untreated,NA,NA,NA,Template_Untreated.xlsx
C,18,untreated,NA,NA,NA,Template_Untreated.xlsx
C,19,untreated,NA,NA,NA,Template_Untreated.xlsx
C,2,NA,NA,NA,NA,Template_Untreated.xlsx
C,20,untreated,NA,NA,NA,Template_Untreated.xlsx
C,21,untreated,NA,NA,NA,Template_Untreated.xlsx
C,22,untreated,NA,NA,NA,Template_Untreated.xlsx
C,23,NA,NA,NA,NA,Template_Untreated.xlsx
C,24,NA,NA,NA,NA,Template_Untreated.xlsx
C,3,untreated,NA,NA,NA,Template_Untreated.xlsx
C,4,untreated,NA,NA,NA,Template_Untreated.xlsx
C,5,untreated,NA,NA,NA,Template_Untreated.xlsx
C,6,untreated,NA,NA,NA,Template_Untreated.xlsx
C,7,untreated,NA,NA,NA,Template_Untreated.xlsx
C,8,untreated,NA,NA,NA,Template_Untreated.xlsx
C,9,untreated,NA,NA,NA,Template_Untreated.xlsx
D,1,NA,NA,NA,NA,Template_Untreated.xlsx
D,10,untreated,NA,NA,NA,Template_Untreated.xlsx
D,11,untreated,NA,NA,NA,Template_Untreated.xlsx
D,12,untreated,NA,NA,NA,Template_Untreated.xlsx
D,13,untreated,NA,NA,NA,Template_Untreated.xlsx
D,14,untreated,NA,NA,NA,Template_Untreated.xlsx
D,15,untreated,NA,NA,NA,Template_Untreated.xlsx
D,16,untreated,NA,NA,NA,Template_Untreated.xlsx
D,17,untreated,NA,NA,NA,Template_Untreated.xlsx
D,18,untreated,NA,NA,NA,Template_Untreated.xlsx
D,19,untreated,NA,NA,NA,Template_Untreated.xlsx
D,2,NA,NA,NA,NA,Template_Untreated.xlsx
D,20,untreated,NA,NA,NA,Template_Untreated.xlsx
D,21,untreated,NA,NA,NA,Template_Untreated.xlsx
D,22,untreated,NA,NA,NA,Template_Untreated.xlsx
D,23,NA,NA,NA,NA,Template_Untreated.xlsx
D,24,NA,NA,NA,NA,Template_Untreated.xlsx
D,3,untreated,NA,NA,NA,Template_Untreated.xlsx
D,4,untreated,NA,NA,NA,Template_Untreated.xlsx
D,5,untreated,NA,NA,NA,Template_Untreated.xlsx
D,6,untreated,NA,NA,NA,Template_Untreated.xlsx
D,7,untreated,NA,NA,NA,Template_Untreated.xlsx
D,8,untreated,NA,NA,NA,Template_Untreated.xlsx
D,9,untreated,NA,NA,NA,Template_Untreated.xlsx
E,1,NA,NA,NA,NA,Template_Untreated.xlsx
E,10,untreated,NA,NA,NA,Template_Untreated.xlsx
E,11,untreated,NA,NA,NA,Template_Untreated.xlsx
E,12,untreated,NA,NA,NA,Template_Untreated.xlsx
E,13,untreated,NA,NA,NA,Template_Untreated.xlsx
E,14,untreated,NA,NA,NA,Template_Untreated.xlsx
E,15,untreated,NA,NA,NA,Template_Untreated.xlsx
E,16,untreated,NA,NA,NA,Template_Untreated.xlsx
E,17,untreated,NA,NA,NA,Template_Untreated.xlsx
E,18,untreated,NA,NA,NA,Template_Untreated.xlsx
E,19,untreated,NA,NA,NA,Template_Untreated.xlsx
E,2,NA,NA,NA,NA,Template_Untreated.xlsx
E,20,untreated,NA,NA,NA,Template_Untreated.xlsx
E,21,untreated,NA,NA,NA,Template_Untreated.xlsx
E,22,untreated,NA,NA,NA,Template_Untreated.xlsx
E,23,NA,NA,NA,NA,Template_Untreated.xlsx
E,24,NA,NA,NA,NA,Template_Untreated.xlsx
E,3,untreated,NA,NA,NA,Template_Untreated.xlsx
E,4,untreated,NA,NA,NA,Template_Untreated.xlsx
E,5,untreated,NA,NA,NA,Template_Untreated.xlsx
E,6,untreated,NA,NA,NA,Template_Untreated.xlsx
E,7,untreated,NA,NA,NA,Template_Untreated.xlsx
E,8,untreated,NA,NA,NA,Template_Untreated.xlsx
E,9,untreated,NA,NA,NA,Template_Untreated.xlsx
F,1,NA,NA,NA,NA,Template_Untreated.xlsx
F,10,untreated,NA,NA,NA,Template_Untreated.xlsx
F,11,untreated,NA,NA,NA,Template_Untreated.xlsx
F,12,untreated,NA,NA,NA,Template_Untreated.xlsx
F,13,untreated,NA,NA,NA,Template_Untreated.xlsx
F,14,untreated,NA,NA,NA,Template_Untreated.xlsx
F,15,untreated,NA,NA,NA,Template_Untreated.xlsx
F,16,untreated,NA,NA,NA,Template_Untreated.xlsx
F,17,untreated,NA,NA,NA,Template_Untreated.xlsx
F,18,untreated,NA,NA,NA,Template_Untreated.xlsx
F,19,untreated,NA,NA,NA,Template_Untreated.xlsx
F,2,NA,NA,NA,NA,Template_Untreated.xlsx
F,20,untreated,NA,NA,NA,Template_Untreated.xlsx
F,21,untreated,NA,NA,NA,Template_Untreated.xlsx
F,22,untreated,NA,NA,NA,Template_Untreated.xlsx
F,23,NA,NA,NA,NA,Template_Untreated.xlsx
F,24,NA,NA,NA,NA,Template_Untreated.xlsx
F,3,untreated,NA,NA,NA,Template_Untreated.xlsx
F,4,untreated,NA,NA,NA,Template_Untreated.xlsx
F,5,untreated,NA,NA,NA,Template_Untreated.xlsx
F,6,untreated,NA,NA,NA,Template_Untreated.xlsx
F,7,untreated,NA,NA,NA,Template_Untreated.xlsx
F,8,untreated,NA,NA,NA,Template_Untreated.xlsx
F,9,untreated,NA,NA,NA,Template_Untreated.xlsx
G,1,NA,NA,NA,NA,Template_Untreated.xlsx
G,10,untreated,NA,NA,NA,Template_Untreated.xlsx
G,11,untreated,NA,NA,NA,Template_Untreated.xlsx
G,12,untreated,NA,NA,NA,Template_Untreated.xlsx
G,13,untreated,NA,NA,NA,Template_Untreated.xlsx
G,14,untreated,NA,NA,NA,Template_Untreated.xlsx
G,15,untreated,NA,NA,NA,Template_Untreated.xlsx
G,16,untreated,NA,NA,NA,Template_Untreated.xlsx
G,17,untreated,NA,NA,NA,Template_Untreated.xlsx
G,18,untreated,NA,NA,NA,Template_Untreated.xlsx
G,19,untreated,NA,NA,NA,Template_Untreated.xlsx
G,2,NA,NA,NA,NA,Template_Untreated.xlsx
G,20,untreated,NA,NA,NA,Template_Untreated.xlsx
G,21,untreated,NA,NA,NA,Template_Untreated.xlsx
G,22,untreated,NA,NA,NA,Template_Untreated.xlsx
G,23,NA,NA,NA,NA,Template_Untreated.xlsx
G,24,NA,NA,NA,NA,Template_Untreated.xlsx
G,3,untreated,NA,NA,NA,Template_Untreated.xlsx
G,4,untreated,NA,NA,NA,Template_Untreated.xlsx
G,5,untreated,NA,NA,NA,Template_Untreated.xlsx
G,6,untreated,NA,NA,NA,Template_Untreated.xlsx
G,7,untreated,NA,NA,NA,Template_Untreated.xlsx
G,8,untreated,NA,NA,NA,Template_Untreated.xlsx
G,9,untreated,NA,NA,NA,Template_Untreated.xlsx
H,1,NA,NA,NA,NA,Template_Untreated.xlsx
H,10,untreated,NA,NA,NA,Template_Untreated.xlsx
H,11,untreated,NA,NA,NA,Template_Untreated.xlsx
H,12,untreated,NA,NA,NA,Template_Untreated.xlsx
H,13,untreated,NA,NA,NA,Template_Untreated.xlsx
H,14,untreated,NA,NA,NA,Template_Untreated.xlsx
H,15,untreated,NA,NA,NA,Template_Untreated.xlsx
H,16,untreated,NA,NA,NA,Template_Untreated.xlsx
H,17,untreated,NA,NA,NA,Template_Untreated.xlsx
H,18,untreated,NA,NA,NA,Template_Untreated.xlsx
H,19,untreated,NA,NA,NA,Template_Untreated.xlsx
H,2,NA,NA,NA,NA,Template_Untreated.xlsx
H,20,untreated,NA,NA,NA,Template_Untreated.xlsx
H,21,untreated,NA,NA,NA,Template_Untreated.xlsx
H,22,untreated,NA,NA,NA,Template_Untreated.xlsx
H,23,NA,NA,NA,NA,Template_Untreated.xlsx
H,24,NA,NA,NA,NA,Template_Untreated.xlsx
H,3,untreated,NA,NA,NA,Template_Untreated.xlsx
H,4,untreated,NA,NA,NA,Template_Untreated.xlsx
H,5,untreated,NA,NA,NA,Template_Untreated.xlsx
H,6,untreated,NA,NA,NA,Template_Untreated.xlsx
H,7,untreated,NA,NA,NA,Template_Untreated.xlsx
H,8,untreated,NA,NA,NA,Template_Untreated.xlsx
H,9,untreated,NA,NA,NA,Template_Untreated.xlsx
I,1,NA,NA,NA,NA,Template_Untreated.xlsx
I,10,untreated,NA,NA,NA,Template_Untreated.xlsx
I,11,untreated,NA,NA,NA,Template_Untreated.xlsx
I,12,untreated,NA,NA,NA,Template_Untreated.xlsx
I,13,untreated,NA,NA,NA,Template_Untreated.xlsx
I,14,untreated,NA,NA,NA,Template_Untreated.xlsx
I,15,untreated,NA,NA,NA,Template_Untreated.xlsx
I,16,untreated,NA,NA,NA,Template_Untreated.xlsx
I,17,untreated,NA,NA,NA,Template_Untreated.xlsx
I,18,untreated,NA,NA,NA,Template_Untreated.xlsx
I,19,untreated,NA,NA,NA,Template_Untreated.xlsx
I,2,NA,NA,NA,NA,Template_Untreated.xlsx
I,20,untreated,NA,NA,NA,Template_Untreated.xlsx
I,21,untreated,NA,NA,NA,Template_Untreated.xlsx
I,22,untreated,NA,NA,NA,Template_Untreated.xlsx
I,23,NA,NA,NA,NA,Template_Untreated.xlsx
I,24,NA,NA,NA,NA,Template_Untreated.xlsx
I,3,untreated,NA,NA,NA,Template_Untreated.xlsx
I,4,untreated,NA,NA,NA,Template_Untreated.xlsx
I,5,untreated,NA,NA,NA,Template_Untreated.xlsx
I,6,untreated,NA,NA,NA,Template_Untreated.xlsx
I,7,untreated,NA,NA,NA,Template_Untreated.xlsx
I,8,untreated,NA,NA,NA,Template_Untreated.xlsx
I,9,untreated,NA,NA,NA,Template_Untreated.xlsx
J,1,NA,NA,NA,NA,Template_Untreated.xlsx
J,10,untreated,NA,NA,NA,Template_Untreated.xlsx
J,11,untreated,NA,NA,NA,Template_Untreated.xlsx
J,12,untreated,NA,NA,NA,Template_Untreated.xlsx
J,13,untreated,NA,NA,NA,Template_Untreated.xlsx
J,14,untreated,NA,NA,NA,Template_Untreated.xlsx
J,15,untreated,NA,NA,NA,Template_Untreated.xlsx
J,16,untreated,NA,NA,NA,Template_Untreated.xlsx
J,17,untreated,NA,NA,NA,Template_Untreated.xlsx
J,18,untreated,NA,NA,NA,Template_Untreated.xlsx
J,19,untreated,NA,NA,NA,Template_Untreated.xlsx
J,2,NA,NA,NA,NA,Template_Untreated.xlsx
J,20,untreated,NA,NA,NA,Template_Untreated.xlsx
J,21,untreated,NA,NA,NA,Template_Untreated.xlsx
J,22,untreated,NA,NA,NA,Template_Untreated.xlsx
J,23,NA,NA,NA,NA,Template_Untreated.xlsx
J,24,NA,NA,NA,NA,Template_Untreated.xlsx
J,3,untreated,NA,NA,NA,Template_Untreated.xlsx
J,4,untreated,NA,NA,NA,Template_Untreated.xlsx
J,5,untreated,NA,NA,NA,Template_Untreated.xlsx
J,6,untreated,NA,NA,NA,Template_Untreated.xlsx
J,7,untreated,NA,NA,NA,Template_Untreated.xlsx
J,8,untreated,NA,NA,NA,Template_Untreated.xlsx
J,9,untreated,NA,NA,NA,Template_Untreated.xlsx
K,1,NA,NA,NA,NA,Template_Untreated.xlsx
K,10,untreated,NA,NA,NA,Template_Untreated.xlsx
K,11,untreated,NA,NA,NA,Template_Untreated.xlsx
K,12,untreated,NA,NA,NA,Template_Untreated.xlsx
K,13,untreated,NA,NA,NA,Template_Untreated.xlsx
K,14,untreated,NA,NA,NA,Template_Untreated.xlsx
K,15,untreated,NA,NA,NA,Template_Untreated.xlsx
K,16,untreated,NA,NA,NA,Template_Untreated.xlsx
K,17,untreated,NA,NA,NA,Template_Untreated.xlsx
K,18,untreated,NA,NA,NA,Template_Untreated.xlsx
K,19,untreated,NA,NA,NA,Template_Untreated.xlsx
K,2,NA,NA,NA,NA,Template_Untreated.xlsx
K,20,untreated,NA,NA,NA,Template_Untreated.xlsx
K,21,untreated,NA,NA,NA,Template_Untreated.xlsx
K,22,untreated,NA,NA,NA,Template_Untreated.xlsx
K,23,NA,NA,NA,NA,Template_Untreated.xlsx
K,24,NA,NA,NA,NA,Template_Untreated.xlsx
K,3,untreated,NA,NA,NA,Template_Untreated.xlsx
K,4,untreated,NA,NA,NA,Template_Untreated.xlsx
K,5,untreated,NA,NA,NA,Template_Untreated.xlsx
K,6,untreated,NA,NA,NA,Template_Untreated.xlsx
K,7,untreated,NA,NA,NA,Template_Untreated.xlsx
K,8,untreated,NA,NA,NA,Template_Untreated.xlsx
K,9,untreated,NA,NA,NA,Template_Untreated.xlsx
L,1,NA,NA,NA,NA,Template_Untreated.xlsx
L,10,untreated,NA,NA,NA,Template_Untreated.xlsx
L,11,untreated,NA,NA,NA,Template_Untreated.xlsx
L,12,untreated,NA,NA,NA,Template_Untreated.xlsx
L,13,untreated,NA,NA,NA,Template_Untreated.xlsx
L,14,untreated,NA,NA,NA,Template_Untreated.xlsx
L,15,untreated,NA,NA,NA,Template_Untreated.xlsx
L,16,untreated,NA,NA,NA,Template_Untreated.xlsx
L,17,untreated,NA,NA,NA,Template_Untreated.xlsx
L,18,untreated,NA,NA,NA,Template_Untreated.xlsx
L,19,untreated,NA,NA,NA,Template_Untreated.xlsx
L,2,NA,NA,NA,NA,Template_Untreated.xlsx
L,20,untreated,NA,NA,NA,Template_Untreated.xlsx
L,21,untreated,NA,NA,NA,Template_Untreated.xlsx
L,22,untreated,NA,NA,NA,Template_Untreated.xlsx
L,23,NA,NA,NA,NA,Template_Untreated.xlsx
L,24,NA,NA,NA,NA,Template_Untreated.xlsx
L,3,untreated,NA,NA,NA,Template_Untreated.xlsx
L,4,untreated,NA,NA,NA,Template_Untreated.xlsx
L,5,untreated,NA,NA,NA,Template_Untreated.xlsx
L,6,untreated,NA,NA,NA,Template_Untreated.xlsx
L,7,untreated,NA,NA,NA,Template_Untreated.xlsx
L,8,untreated,NA,NA,NA,Template_Untreated.xlsx
L,9,untreated,NA,NA,NA,Template_Untreated.xlsx
M,1,NA,NA,NA,NA,Template_Untreated.xlsx
M,10,untreated,NA,NA,NA,Template_Untreated.xlsx
M,11,untreated,NA,NA,NA,Template_Untreated.xlsx
M,12,untreated,NA,NA,NA,Template_Untreated.xlsx
M,13,untreated,NA,NA,NA,Template_Untreated.xlsx
M,14,untreated,NA,NA,NA,Template_Untreated.xlsx
M,15,untreated,NA,NA,NA,Template_Untreated.xlsx
M,16,untreated,NA,NA,NA,Template_Untreated.xlsx
M,17,untreated,NA,NA,NA,Template_Untreated.xlsx
M,18,untreated,NA,NA,NA,Template_Untreated.xlsx
M,19,untreated,NA,NA,NA,Template_Untreated.xlsx
M,2,NA,NA,NA,NA,Template_Untreated.xlsx
M,20,untreated,NA,NA,NA,Template_Untreated.xlsx
M,21,untreated,NA,NA,NA,Template_Untreated.xlsx
M,22,untreated,NA,NA,NA,Template_Untreated.xlsx
M,23,NA,NA,NA,NA,Template_Untreated.xlsx
M,24,NA,NA,NA,NA,Template_Untreated.xlsx
M,3,untreated,NA,NA,NA,Template_Untreated.xlsx
M,4,untreated,NA,NA,NA,Template_Untreated.xlsx
M,5,untreated,NA,NA,NA,Template_Untreated.xlsx
M,6,untreated,NA,NA,NA,Template_Untreated.xlsx
M,7,untreated,NA,NA,NA,Template_Untreated.xlsx
M,8,untreated,NA,NA,NA,Template_Untreated.xlsx
M,9,untreated,NA,NA,NA,Template_Untreated.xlsx
N,1,NA,NA,NA,NA,Template_Untreated.xlsx
N,10,untreated,NA,NA,NA,Template_Untreated.xlsx
N,11,untreated,NA,NA,NA,Template_Untreated.xlsx
N,12,untreated,NA,NA,NA,Template_Untreated.xlsx
N,13,untreated,NA,NA,NA,Template_Untreated.xlsx
N,14,untreated,NA,NA,NA,Template_Untreated.xlsx
N,15,untreated,NA,NA,NA,Template_Untreated.xlsx
N,16,untreated,NA,NA,NA,Template_Untreated.xlsx
N,17,untreated,NA,NA,NA,Template_Untreated.xlsx
N,18,untreated,NA,NA,NA,Template_Untreated.xlsx
N,19,untreated,NA,NA,NA,Template_Untreated.xlsx
N,2,NA,NA,NA,NA,Template_Untreated.xlsx
N,20,untreated,NA,NA,NA,Template_Untreated.xlsx
N,21,untreated,NA,NA,NA,Template_Untreated.xlsx
N,22,untreated,NA,NA,NA,Template_Untreated.xlsx
N,23,NA,NA,NA,NA,Template_Untreated.xlsx
N,24,NA,NA,NA,NA,Template_Untreated.xlsx
N,3,untreated,NA,NA,NA,Template_Untreated.xlsx
N,4,untreated,NA,NA,NA,Template_Untreated.xlsx
N,5,untreated,NA,NA,NA,Template_Untreated.xlsx
N,6,untreated,NA,NA,NA,Template_Untreated.xlsx
N,7,untreated,NA,NA,NA,Template_Untreated.xlsx
N,8,untreated,NA,NA,NA,Template_Untreated.xlsx
N,9,untreated,NA,NA,NA,Template_Untreated.xlsx
O,1,NA,NA,NA,NA,Template_Untreated.xlsx
O,10,untreated,NA,NA,NA,Template_Untreated.xlsx
O,11,untreated,NA,NA,NA,Template_Untreated.xlsx
O,12,untreated,NA,NA,NA,Template_Untreated.xlsx
O,13,untreated,NA,NA,NA,Template_Untreated.xlsx
O,14,untreated,NA,NA,NA,Template_Untreated.xlsx
O,15,untreated,NA,NA,NA,Template_Untreated.xlsx
O,16,untreated,NA,NA,NA,Template_Untreated.xlsx
O,17,untreated,NA,NA,NA,Template_Untreated.xlsx
O,18,untreated,NA,NA,NA,Template_Untreated.xlsx
O,19,untreated,NA,NA,NA,Template_Untreated.xlsx
O,2,NA,NA,NA,NA,Template_Untreated.xlsx
O,20,untreated,NA,NA,NA,Template_Untreated.xlsx
O,21,untreated,NA,NA,NA,Template_Untreated.xlsx
O,22,untreated,NA,NA,NA,Template_Untreated.xlsx
O,23,NA,NA,NA,NA,Template_Untreated.xlsx
O,24,NA,NA,NA,NA,Template_Untreated.xlsx
O,3,untreated,NA,NA,NA,Template_Untreated.xlsx
O,4,untreated,NA,NA,NA,Template_Untreated.xlsx
O,5,untreated,NA,NA,NA,Template_Untreated.xlsx
O,6,untreated,NA,NA,NA,Template_Untreated.xlsx
O,7,untreated,NA,NA,NA,Template_Untreated.xlsx
O,8,untreated,NA,NA,NA,Template_Untreated.xlsx
O,9,untreated,NA,NA,NA,Template_Untreated.xlsx
P,1,NA,NA,NA,NA,Template_Untreated.xlsx
P,10,untreated,NA,NA,NA,Template_Untreated.xlsx
P,11,untreated,NA,NA,NA,Template_Untreated.xlsx
P,12,untreated,NA,NA,NA,Template_Untreated.xlsx
P,13,untreated,NA,NA,NA,Template_Untreated.xlsx
P,14,untreated,NA,NA,NA,Template_Untreated.xlsx
P,15,untreated,NA,NA,NA,Template_Untreated.xlsx
P,16,untreated,NA,NA,NA,Template_Untreated.xlsx
P,17,untreated,NA,NA,NA,Template_Untreated.xlsx
P,18,untreated,NA,NA,NA,Template_Untreated.xlsx
P,19,untreated,NA,NA,NA,Template_Untreated.xlsx
P,2,NA,NA,NA,NA,Template_Untreated.xlsx
P,20,untreated,NA,NA,NA,Template_Untreated.xlsx
P,21,untreated,NA,NA,NA,Template_Untreated.xlsx
P,22,untreated,NA,NA,NA,Template_Untreated.xlsx
P,23,NA,NA,NA,NA,Template_Untreated.xlsx
P,24,NA,NA,NA,NA,Template_Untreated.xlsx
P,3,untreated,NA,NA,NA,Template_Untreated.xlsx
P,4,untreated,NA,NA,NA,Template_Untreated.xlsx
P,5,untreated,NA,NA,NA,Template_Untreated.xlsx
P,6,untreated,NA,NA,NA,Template_Untreated.xlsx
P,7,untreated,NA,NA,NA,Template_Untreated.xlsx
P,8,untreated,NA,NA,NA,Template_Untreated.xlsx
P,9,untreated,NA,NA,NA,Template_Untreated.xlsx
